{
    "accuracy": 0.8767123287671232,
    "auc": 0.9960815047021944,
    "f1_score": 0.8779701285492081,
    "precision": 0.9059120403749099,
    "recall": 0.8767123287671232
}
