{
    "accuracy": 0.9863013698630136,
    "auc": 0.9996081504702194,
    "f1_score": 0.9863387321895125,
    "precision": 0.9867579908675799,
    "recall": 0.9863013698630136
}
