{"accuracy": 0.9863013698630136, "auc": 0.9996081504702194, "precision": 0.9866057838660577, "recall": 0.9863013698630136, "f1_score": 0.9862581650370347}