precision,recall,thresholds
0.7714285714285715,1.0,0.0
0.8181818181818182,1.0,0.05
0.9310344827586207,1.0,0.1
0.9642857142857143,1.0,0.1125
1.0,0.9629629629629629,0.2
1.0,0.9259259259259259,0.78
1.0,0.8888888888888888,0.8800000000000001
1.0,0.0,1.0
