precision,recall,thresholds
0.8181818181818182,1.0,0.0
0.84375,1.0,0.01111111111111111
0.8709677419354839,1.0,0.07777777777777777
0.9,1.0,0.1
0.9310344827586207,1.0,0.2
0.9642857142857143,1.0,0.27142857142857146
1.0,1.0,0.3611111111111111
1.0,0.9629629629629629,0.44861111111111107
1.0,0.8888888888888888,0.75
1.0,0.8518518518518519,0.838095238095238
1.0,0.8148148148148148,0.9666666666666666
1.0,0.7037037037037037,0.9714285714285713
1.0,0.0,1.0
