precision,recall,thresholds
0.75,1.0,0.0
0.7941176470588235,1.0,0.02
0.8181818181818182,1.0,0.03333333333333333
0.84375,1.0,0.1
0.8709677419354839,1.0,0.13333333333333333
0.9310344827586207,1.0,0.2
0.9642857142857143,1.0,0.21000000000000002
0.9629629629629629,0.9629629629629629,0.27
1.0,0.9629629629629629,0.2857142857142857
1.0,0.8888888888888888,0.8
1.0,0.8518518518518519,0.9
1.0,0.7037037037037037,0.9857142857142858
1.0,0.0,1.0
