fpr,tpr,thresholds,roc_auc
0.0,0.0,inf,1.0
0.0,0.7037037037037037,1.0,1.0
0.0,0.8148148148148148,0.9714285714285713,1.0
0.0,0.8888888888888888,0.838095238095238,1.0
0.0,0.9629629629629629,0.75,1.0
0.0,1.0,0.44861111111111107,1.0
0.2727272727272727,1.0,0.01111111111111111,1.0
1.0,1.0,0.0,1.0
