fpr,tpr,thresholds,roc_auc
0.0,0.0,inf,0.9991582491582491
0.0,0.8888888888888888,1.0,0.9991582491582491
0.0,0.9629629629629629,0.78,0.9991582491582491
0.045454545454545456,1.0,0.2,0.9991582491582491
0.09090909090909091,1.0,0.1125,0.9991582491582491
0.2727272727272727,1.0,0.1,0.9991582491582491
0.36363636363636365,1.0,0.05,0.9991582491582491
1.0,1.0,0.0,0.9991582491582491
